-- --------------------------------------------------------
-- Host:                         127.0.0.1
-- Server version:               10.1.31-MariaDB - mariadb.org binary distribution
-- Server OS:                    Win32
-- HeidiSQL Version:             9.5.0.5249
-- --------------------------------------------------------

/*!40101 SET @OLD_CHARACTER_SET_CLIENT=@@CHARACTER_SET_CLIENT */;
/*!40101 SET NAMES utf8 */;
/*!50503 SET NAMES utf8mb4 */;
/*!40014 SET @OLD_FOREIGN_KEY_CHECKS=@@FOREIGN_KEY_CHECKS, FOREIGN_KEY_CHECKS=0 */;
/*!40101 SET @OLD_SQL_MODE=@@SQL_MODE, SQL_MODE='NO_AUTO_VALUE_ON_ZERO' */;


-- Dumping database structure for ngpuppies
DROP DATABASE IF EXISTS `ngpuppies`;
CREATE DATABASE IF NOT EXISTS `ngpuppies` /*!40100 DEFAULT CHARACTER SET latin1 */;
USE `ngpuppies`;

-- Dumping structure for table ngpuppies.addresses
DROP TABLE IF EXISTS `addresses`;
CREATE TABLE IF NOT EXISTS `addresses` (
  `AddressID` int(11) NOT NULL AUTO_INCREMENT,
  `Country` varchar(45) NOT NULL,
  `City` varchar(45) NOT NULL,
  `ZipCode` varchar(45) NOT NULL,
  `Street` varchar(45) NOT NULL,
  PRIMARY KEY (`AddressID`)
) ENGINE=InnoDB AUTO_INCREMENT=149 DEFAULT CHARSET=latin1;

-- Dumping data for table ngpuppies.addresses: ~134 rows (approximately)
DELETE FROM `addresses`;
/*!40000 ALTER TABLE `addresses` DISABLE KEYS */;
INSERT INTO `addresses` (`AddressID`, `Country`, `City`, `ZipCode`, `Street`) VALUES
	(1, 'Bulgaria', 'Sofia', '1680', 'Topli Dol 3'),
	(2, 'USA', 'Tampa', '3000', 'xxxxxxxxxxxx'),
	(3, 'Germany', 'Berlin', '3434', 'yyyyyyyyyyy'),
	(4, 'Bulgaria', 'Plovdiv', '2000', 'sdsadfafasdasfas'),
	(18, 'Bulgaria2', 'Plovdiv2', '1010', 'dddddddddd'),
	(19, 'Bulgaria', 'Plovdiv', '1001', 'xxxxxxxxxxxxx'),
	(20, 'Taiwan', 'Taipe', '3333', 'Taipe trail Str 300'),
	(21, 'UNITED STATES', 'Cityto', '1111', 'dsadfafdsafa'),
	(22, 'Germany', 'Berlin', '1000', 'Bern Strasse'),
	(23, 'Germany', 'Berlin', '9999', 'Alexandar platz 6'),
	(24, 'FASFDSADFA', 'FASFASDFAS', '1111', 'FDASFAFAAFASFSFAS'),
	(25, 'fake fake', 'fake', 'fake', 'fake fake fake'),
	(27, 'Bulgaria', 'Plovdiv', '1000', 'Plovdiv street'),
	(28, 'Turkey', 'Istanbul', '2222', 'Istanbul street 10'),
	(29, 'Bulgaria', 'Varna', '6000', 'Vladislav Varnenchik'),
	(30, 'Bulgaria', 'Sofia', '1700', 'bul. Vitosha 15'),
	(31, 'Bulgaria', 'Sofia', '1460', 'Lyulyk 40, et. 3'),
	(32, 'Bulgaria', 'Sofia', '1460', 'Lyulyk 40 et 3'),
	(33, 'Bulgaria', 'Pleven', '3400', 'Narodna cheta 10'),
	(34, 'Bulgaria', 'Kyustendil', '9800', 'Cheresha 10'),
	(35, 'Bulgaria', 'Varna', '9000', 'Veliki preslav 20'),
	(36, 'Bulgaria', 'Sofia', '6799', 'Vitosha 15'),
	(37, 'Bulgaria', 'Sofia', '7356', 'Vitosha 16'),
	(38, 'Bulgaria', 'Sofia', '8592', 'Vitosha 17'),
	(39, 'Bulgaria', 'Sofia', '4495', 'Vitosha 18'),
	(40, 'Bulgaria', 'Sofia', '9991', 'Vitosha 19'),
	(41, 'Bulgaria', 'Sofia', '8063', 'Vitosha 20'),
	(42, 'Bulgaria', 'Sofia', '7158', 'Vitosha 21'),
	(43, 'Bulgaria', 'Sofia', '6795', 'Vitosha 22'),
	(44, 'Bulgaria', 'Sofia', '5003', 'Vitosha 23'),
	(45, 'Bulgaria', 'Sofia', '5495', 'Vitosha 24'),
	(46, 'Bulgaria', 'Sofia', '5293', 'Vitosha 25'),
	(47, 'Bulgaria', 'Sofia', '2940', 'Vitosha 26'),
	(48, 'Bulgaria', 'Sofia', '7548', 'Vitosha 27'),
	(49, 'Bulgaria', 'Sofia', '3694', 'Vitosha 28'),
	(50, 'Bulgaria', 'Sofia', '1802', 'Vitosha 29'),
	(51, 'Bulgaria', 'Sofia', '3400', 'Vitosha 30'),
	(52, 'Bulgaria', 'Sofia', '1931', 'Vitosha 31'),
	(53, 'Bulgaria', 'Sofia', '9100', 'Vitosha 32'),
	(54, 'Bulgaria', 'Sofia', '1865', 'Vitosha 33'),
	(55, 'Bulgaria', 'Sofia', '7376', 'Nezabravka 26'),
	(56, 'Bulgaria', 'Sofia', '1588', 'Nezabravka 27'),
	(57, 'Bulgaria', 'Sofia', '6347', 'Nezabravka 28'),
	(58, 'Bulgaria', 'Sofia', '9923', 'Nezabravka 29'),
	(59, 'Bulgaria', 'Sofia', '8103', 'Nezabravka 30'),
	(60, 'Bulgaria', 'Sofia', '2546', 'Nezabravka 31'),
	(61, 'Bulgaria', 'Plovdiv', '9612', 'Narodni Buditeli 6'),
	(62, 'Bulgaria', 'Plovdiv', '5378', 'Narodni Buditeli 7'),
	(63, 'Bulgaria', 'Plovdiv', '5667', 'Narodni Buditeli 8'),
	(64, 'Bulgaria', 'Plovdiv', '5990', 'Narodni Buditeli 9'),
	(65, 'Bulgaria', 'Plovdiv', '6458', 'Narodni Buditeli 10'),
	(66, 'Bulgaria', 'Plovdiv', '9474', 'Narodni Buditeli 11'),
	(67, 'Bulgaria', 'Plovdiv', '4126', 'Narodni Buditeli 12'),
	(68, 'Bulgaria', 'Plovdiv', '8455', 'Narodni Buditeli 13'),
	(69, 'Bulgaria', 'Plovdiv', '5815', 'Narodni Buditeli 14'),
	(70, 'Bulgaria', 'Plovdiv', '3224', 'Narodni Buditeli 15'),
	(71, 'Bulgaria', 'Plovdiv', '1979', 'Narodni Buditeli 16'),
	(72, 'Bulgaria', 'Plovdiv', '4671', 'Narodni Buditeli 17'),
	(73, 'Bulgaria', 'Plovdiv', '5290', 'Narodni Buditeli 18'),
	(74, 'Bulgaria', 'Plovdiv', '7575', 'Narodni Buditeli 19'),
	(75, 'Bulgaria', 'Plovdiv', '3697', 'Narodni Buditeli 20'),
	(76, 'Bulgaria', 'Plovdiv', '9842', 'Narodni Buditeli 21'),
	(77, 'Bulgaria', 'Plovdiv', '6346', 'Narodni Buditeli 22'),
	(78, 'Bulgaria', 'Plovdiv', '2586', 'Narodni Buditeli 23'),
	(79, 'Bulgaria', 'Plovdiv', '4215', 'Narodni Buditeli 24'),
	(80, 'Bulgaria', 'Plovdiv', '8920', 'Narodni Buditeli 25'),
	(81, 'Bulgaria', 'Plovdiv', '4606', 'Bacho Kiro 10'),
	(82, 'Bulgaria', 'Plovdiv', '1160', 'Bacho Kiro 11'),
	(83, 'Bulgaria', 'Plovdiv', '1417', 'Bacho Kiro 12'),
	(84, 'Bulgaria', 'Plovdiv', '5953', 'Bacho Kiro 13'),
	(85, 'Bulgaria', 'Plovdiv', '4506', 'Bacho Kiro 14'),
	(86, 'Bulgaria', 'Plovdiv', '1540', 'Bacho Kiro 15'),
	(87, 'Bulgaria', 'Plovdiv', '5553', 'Bacho Kiro 16'),
	(88, 'Bulgaria', 'Plovdiv', '2548', 'Bacho Kiro 17'),
	(89, 'Bulgaria', 'Plovdiv', '3733', 'Bacho Kiro 18'),
	(90, 'Bulgaria', 'Plovdiv', '1767', 'Bacho Kiro 19'),
	(91, 'Bulgaria', 'Plovdiv', '1728', 'Bacho Kiro 20'),
	(92, 'Bulgaria', 'Plovdiv', '5840', 'Bacho Kiro 21'),
	(93, 'Bulgaria', 'Plovdiv', '1710', 'Bacho Kiro 22'),
	(94, 'Bulgaria', 'Plovdiv', '2721', 'Bacho Kiro 23'),
	(95, 'Bulgaria', 'Plovdiv', '2233', 'Bacho Kiro 24'),
	(96, 'Bulgaria', 'Plovdiv', '2053', 'Bacho Kiro 25'),
	(97, 'Bulgaria', 'Plovdiv', '2209', 'Bacho Kiro 26'),
	(98, 'Bulgaria', 'Plovdiv', '3559', 'Bacho Kiro 27'),
	(99, 'Bulgaria', 'Plovdiv', '5945', 'Bacho Kiro 28'),
	(100, 'Bulgaria', 'Plovdiv', '2893', 'Razpeti Petak 17'),
	(101, 'Bulgaria', 'Plovdiv', '3831', 'Razpeti Petak 18'),
	(102, 'Bulgaria', 'Plovdiv', '6470', 'Razpeti Petak 19'),
	(103, 'Bulgaria', 'Plovdiv', '1075', 'Razpeti Petak 20'),
	(104, 'Bulgaria', 'Plovdiv', '8078', 'Razpeti Petak 21'),
	(105, 'Bulgaria', 'Plovdiv', '1668', 'Razpeti Petak 22'),
	(106, 'Bulgaria', 'Plovdiv', '1576', 'Razpeti Petak 23'),
	(107, 'Bulgaria', 'Plovdiv', '5124', 'Razpeti Petak 24'),
	(108, 'Bulgaria', 'Plovdiv', '9075', 'Razpeti Petak 25'),
	(109, 'Bulgaria', 'Plovdiv', '7265', 'Razpeti Petak 26'),
	(110, 'Bulgaria', 'Plovdiv', '9902', 'Razpeti Petak 27'),
	(111, 'Bulgaria', 'Plovdiv', '2542', 'Razpeti Petak 28'),
	(112, 'Bulgaria', 'Plovdiv', '2845', 'Razpeti Petak 29'),
	(113, 'Bulgaria', 'Plovdiv', '3910', 'Razpeti Petak 30'),
	(114, 'Bulgaria', 'Plovdiv', '9860', 'Razpeti Petak 31'),
	(115, 'Bulgaria', 'Plovdiv', '6100', 'Razpeti Petak 32'),
	(116, 'Bulgaria', 'Plovdiv', '9940', 'Razpeti Petak 33'),
	(117, 'Bulgaria', 'Plovdiv', '3121', 'Razpeti Petak 34'),
	(118, 'Bulgaria', 'Varna', '5303', 'Vladislav Varnenchik 4'),
	(119, 'Bulgaria', 'Varna', '3815', 'Vladislav Varnenchik 5'),
	(120, 'Bulgaria', 'Varna', '7257', 'Vladislav Varnenchik 6'),
	(121, 'Bulgaria', 'Varna', '1995', 'Vladislav Varnenchik 7'),
	(122, 'Bulgaria', 'Varna', '3736', 'Vladislav Varnenchik 8'),
	(123, 'Bulgaria', 'Varna', '8014', 'Vladislav Varnenchik 9'),
	(124, 'Bulgaria', 'Varna', '5849', 'Vladislav Varnenchik 10'),
	(125, 'Bulgaria', 'Varna', '8162', 'Vladislav Varnenchik 11'),
	(126, 'Bulgaria', 'Varna', '1369', 'Vladislav Varnenchik 12'),
	(127, 'Bulgaria', 'Varna', '4783', 'Vladislav Varnenchik 13'),
	(128, 'Bulgaria', 'Varna', '6007', 'Vladislav Varnenchik 14'),
	(129, 'Bulgaria', 'Varna', '3208', 'Vladislav Varnenchik 15'),
	(130, 'Bulgaria', 'Varna', '5304', 'Vladislav Varnenchik 16'),
	(131, 'Bulgaria', 'Varna', '8450', 'Petar Beron 3'),
	(132, 'Bulgaria', 'Varna', '5124', 'Petar Beron 4'),
	(133, 'Bulgaria', 'Varna', '8705', 'Petar Beron 5'),
	(134, 'Bulgaria', 'Varna', '5711', 'Petar Beron 6'),
	(135, 'Bulgaria', 'Varna', '6885', 'Petar Beron 7'),
	(136, 'Bulgaria', 'Varna', '3441', 'Petar Beron 8'),
	(137, 'Bulgaria', 'Kyustendil', '2115', 'Cheresha 5'),
	(138, 'Bulgaria', 'Kyustendil', '3170', 'Cheresha 6'),
	(139, 'Bulgaria', 'Kyustendil', '7259', 'Cheresha 7'),
	(140, 'Bulgaria', 'Kyustendil', '2948', 'Cheresha 8'),
	(141, 'Bulgaria', 'Kyustendil', '6552', 'Cheresha 9'),
	(142, 'Bulgaria', 'Kyustendil', '9706', 'Cheresha 10'),
	(143, 'Bulgaria', 'Kyustendil', '5648', 'Cheresha 11'),
	(144, 'Bulgaria', 'Kyustendil', '6214', 'Parva Prolet 1'),
	(145, 'Bulgaria', 'Kyustendil', '2250', 'Parva Prolet 2'),
	(146, 'Bulgaria', 'Kyustendil', '6543', 'Parva Prolet 3'),
	(147, 'Bulgaria', 'Kyustendil', '7571', 'Parva Prolet 4'),
	(148, 'Bulgaria', 'Kyustendil', '7119', 'Parva Prolet 5');
/*!40000 ALTER TABLE `addresses` ENABLE KEYS */;

-- Dumping structure for table ngpuppies.bills
DROP TABLE IF EXISTS `bills`;
CREATE TABLE IF NOT EXISTS `bills` (
  `BillID` int(11) NOT NULL AUTO_INCREMENT,
  `ServiceID` int(11) NOT NULL DEFAULT '0',
  `SubscriberID` varchar(50) NOT NULL DEFAULT '0',
  `StartDate` date NOT NULL COMMENT 'Invoice date',
  `EndDate` date NOT NULL COMMENT 'Due date',
  `Amount` decimal(10,5) NOT NULL DEFAULT '0.00000',
  `CurrencyID` int(11) NOT NULL DEFAULT '0',
  `PaymentDate` date DEFAULT NULL,
  PRIMARY KEY (`BillID`),
  KEY `FK_bills_services` (`ServiceID`),
  KEY `FK_bills_subscribers` (`SubscriberID`),
  KEY `FK_bills_currencies_idx` (`CurrencyID`),
  CONSTRAINT `FK_bills_currencies` FOREIGN KEY (`CurrencyID`) REFERENCES `currencies` (`CurrencyID`) ON DELETE NO ACTION ON UPDATE NO ACTION,
  CONSTRAINT `FK_bills_services` FOREIGN KEY (`ServiceID`) REFERENCES `services` (`ServiceID`) ON DELETE NO ACTION ON UPDATE NO ACTION,
  CONSTRAINT `FK_bills_subscribers` FOREIGN KEY (`SubscriberID`) REFERENCES `subscribers` (`PhoneNumber`) ON DELETE NO ACTION ON UPDATE NO ACTION
) ENGINE=InnoDB AUTO_INCREMENT=210 DEFAULT CHARSET=latin1;

-- Dumping data for table ngpuppies.bills: ~195 rows (approximately)
DELETE FROM `bills`;
/*!40000 ALTER TABLE `bills` DISABLE KEYS */;
INSERT INTO `bills` (`BillID`, `ServiceID`, `SubscriberID`, `StartDate`, `EndDate`, `Amount`, `CurrencyID`, `PaymentDate`) VALUES
	(15, 1, '0888365825', '2018-02-25', '2018-02-26', 224.00000, 1, NULL),
	(16, 2, '0888918635', '2018-07-29', '2018-08-08', 1314.00000, 2, NULL),
	(17, 1, '0888826830', '2017-09-10', '2017-09-14', 1483.00000, 1, NULL),
	(18, 1, '0888191413', '2018-01-23', '2018-02-07', 127.00000, 3, NULL),
	(19, 2, '0888586296', '2017-06-11', '2017-06-27', 1719.00000, 2, NULL),
	(20, 1, '0888364191', '2017-08-02', '2017-08-24', 1156.00000, 2, NULL),
	(21, 1, '0888639351', '2017-12-19', '2018-01-11', 1010.00000, 1, NULL),
	(22, 2, '0888593265', '2018-02-15', '2018-02-24', 1895.00000, 1, NULL),
	(23, 1, '0888505173', '2017-09-28', '2017-10-06', 739.00000, 3, NULL),
	(24, 1, '0888958922', '2017-08-17', '2017-08-19', 1024.00000, 2, NULL),
	(25, 2, '0888729824', '2017-12-02', '2017-12-08', 1082.00000, 1, NULL),
	(26, 1, '0888231403', '2018-05-14', '2018-05-25', 1382.00000, 1, NULL),
	(27, 1, '0888606101', '2018-04-08', '2018-04-22', 54.00000, 2, NULL),
	(28, 2, '0888930700', '2017-10-07', '2017-10-29', 1456.00000, 2, NULL),
	(29, 1, '0888646779', '2017-11-08', '2017-11-15', 340.00000, 1, NULL),
	(30, 2, '0888719485', '2017-07-06', '2017-07-09', 142.00000, 1, NULL),
	(31, 1, '0888501692', '2018-01-19', '2018-01-24', 1147.00000, 1, NULL),
	(32, 2, '0888738345', '2018-05-21', '2018-06-05', 248.00000, 3, NULL),
	(33, 1, '0888111087', '2018-03-10', '2018-04-01', 487.00000, 2, NULL),
	(34, 1, '0888464777', '2018-02-20', '2018-03-16', 1724.00000, 3, NULL),
	(35, 1, '0888594469', '2018-01-21', '2018-02-11', 210.00000, 3, NULL),
	(36, 1, '0888777796', '2018-01-04', '2018-01-13', 1173.00000, 2, NULL),
	(37, 1, '0888483786', '2017-08-03', '2017-08-20', 621.00000, 1, NULL),
	(38, 2, '0888155062', '2018-06-21', '2018-06-25', 1700.00000, 2, NULL),
	(39, 1, '0888331267', '2018-06-03', '2018-06-13', 375.00000, 3, NULL),
	(40, 1, '0888254293', '2017-06-17', '2017-07-01', 823.00000, 1, NULL),
	(41, 2, '0888489065', '2017-06-13', '2017-06-24', 1258.00000, 1, NULL),
	(42, 2, '0888265704', '2018-05-14', '2018-06-03', 580.00000, 3, NULL),
	(43, 1, '0888203634', '2017-09-16', '2017-10-07', 1708.00000, 3, NULL),
	(44, 2, '0888269212', '2018-03-11', '2018-03-15', 554.00000, 1, NULL),
	(45, 1, '0888817451', '2018-04-13', '2018-04-16', 1042.00000, 3, NULL),
	(46, 2, '0888928791', '2018-01-31', '2018-02-18', 559.00000, 1, NULL),
	(47, 1, '0888631969', '2017-07-03', '2017-08-02', 1191.00000, 3, NULL),
	(48, 2, '0888529321', '2018-07-21', '2018-08-15', 1888.00000, 1, NULL),
	(49, 1, '0888371139', '2017-11-24', '2017-12-18', 1721.00000, 1, NULL),
	(50, 1, '0888337942', '2018-04-28', '2018-05-17', 435.00000, 2, NULL),
	(51, 1, '0888490612', '2017-06-30', '2017-07-02', 1671.00000, 2, NULL),
	(52, 1, '0888980064', '2018-05-25', '2018-05-29', 1237.00000, 1, NULL),
	(53, 1, '0888248863', '2018-04-01', '2018-04-11', 278.00000, 3, NULL),
	(54, 2, '0888618650', '2017-07-13', '2017-08-07', 1072.00000, 1, NULL),
	(55, 2, '0888279189', '2017-08-21', '2017-08-29', 261.00000, 3, NULL),
	(56, 1, '0888555592', '2018-06-16', '2018-07-05', 1965.00000, 3, NULL),
	(57, 2, '0888740921', '2018-02-03', '2018-02-26', 931.00000, 3, NULL),
	(58, 1, '0888411292', '2018-03-30', '2018-04-19', 52.00000, 1, NULL),
	(59, 2, '0888517666', '2018-06-14', '2018-06-17', 221.00000, 1, NULL),
	(60, 2, '0888664609', '2017-09-25', '2017-10-25', 1625.00000, 1, NULL),
	(61, 1, '0888368318', '2018-06-23', '2018-06-23', 422.00000, 3, NULL),
	(62, 1, '0888759305', '2018-07-24', '2018-08-22', 957.00000, 1, NULL),
	(63, 1, '0888659887', '2018-06-24', '2018-06-28', 288.00000, 3, NULL),
	(64, 1, '0888503925', '2018-02-10', '2018-02-23', 1772.00000, 1, NULL),
	(65, 2, '0888103736', '2017-09-13', '2017-09-29', 1392.00000, 3, NULL),
	(66, 2, '0888825462', '2018-03-23', '2018-04-08', 412.00000, 2, NULL),
	(67, 1, '0888784935', '2018-02-03', '2018-02-14', 1149.00000, 2, NULL),
	(68, 2, '0888497199', '2017-06-26', '2017-07-26', 1038.00000, 3, NULL),
	(69, 1, '0888570100', '2017-09-29', '2017-10-04', 1266.00000, 2, NULL),
	(70, 2, '0888818765', '2018-06-08', '2018-06-29', 1585.00000, 3, NULL),
	(71, 1, '0888622484', '2018-07-22', '2018-08-11', 1379.00000, 3, NULL),
	(72, 2, '0888470762', '2017-12-29', '2018-01-08', 1414.00000, 3, NULL),
	(73, 2, '0888838599', '2017-10-17', '2017-10-21', 1040.00000, 2, NULL),
	(74, 1, '0888214859', '2018-06-06', '2018-06-22', 1700.00000, 2, NULL),
	(75, 2, '0888850862', '2018-02-15', '2018-03-01', 177.00000, 3, NULL),
	(76, 2, '0888526424', '2017-11-28', '2017-12-15', 124.00000, 1, NULL),
	(77, 2, '0888832347', '2018-06-25', '2018-07-17', 1138.00000, 3, NULL),
	(78, 2, '0888235524', '2018-07-20', '2018-08-13', 1419.00000, 3, NULL),
	(79, 1, '0888668251', '2017-08-11', '2017-08-30', 1516.00000, 1, NULL),
	(80, 2, '0888301096', '2017-07-07', '2017-07-17', 1066.00000, 2, NULL),
	(81, 2, '0888785913', '2017-07-28', '2017-08-27', 707.00000, 1, NULL),
	(82, 1, '0888619032', '2018-01-18', '2018-02-16', 1784.00000, 3, NULL),
	(83, 1, '0888893947', '2017-08-06', '2017-09-02', 1410.00000, 1, NULL),
	(84, 1, '0888751854', '2018-06-01', '2018-06-25', 1828.00000, 3, NULL),
	(85, 2, '0888145332', '2017-09-15', '2017-10-02', 1509.00000, 2, NULL),
	(86, 2, '0888178417', '2017-10-22', '2017-11-02', 1436.00000, 3, NULL),
	(87, 1, '0888666783', '2017-08-01', '2017-08-12', 1636.00000, 1, NULL),
	(88, 2, '0888773351', '2017-10-09', '2017-10-20', 1553.00000, 1, NULL),
	(89, 2, '0888358980', '2018-07-02', '2018-07-11', 1442.00000, 3, NULL),
	(90, 1, '0888892679', '2017-08-24', '2017-08-31', 142.00000, 1, NULL),
	(91, 2, '0888874272', '2018-01-15', '2018-02-09', 1654.00000, 3, NULL),
	(92, 2, '0888874622', '2017-06-20', '2017-07-06', 396.00000, 2, NULL),
	(93, 2, '0888791438', '2017-09-19', '2017-09-25', 1751.00000, 3, NULL),
	(94, 1, '0888856230', '2018-07-02', '2018-07-04', 1345.00000, 1, NULL),
	(95, 1, '0888418691', '2017-12-04', '2017-12-25', 337.00000, 2, NULL),
	(96, 2, '0888581780', '2017-12-17', '2018-01-07', 1595.00000, 2, NULL),
	(97, 2, '0888181644', '2018-01-17', '2018-02-14', 1018.00000, 2, NULL),
	(98, 2, '0888502436', '2018-04-16', '2018-05-14', 1738.00000, 3, NULL),
	(99, 2, '0888594338', '2017-07-21', '2017-07-22', 1673.00000, 2, NULL),
	(100, 2, '0888587957', '2018-04-20', '2018-04-24', 788.00000, 2, NULL),
	(101, 1, '0888247324', '2017-10-01', '2017-10-27', 17.00000, 3, NULL),
	(102, 2, '0888921731', '2018-05-03', '2018-06-02', 1192.00000, 3, NULL),
	(103, 1, '0888812593', '2018-01-02', '2018-01-21', 107.00000, 2, NULL),
	(104, 1, '0888144842', '2017-06-17', '2017-06-24', 1687.00000, 2, NULL),
	(105, 1, '0888193277', '2018-05-05', '2018-05-26', 1285.00000, 2, NULL),
	(106, 2, '0888300695', '2017-12-13', '2017-12-29', 1123.00000, 2, NULL),
	(107, 1, '0888685423', '2018-01-23', '2018-02-13', 1359.00000, 2, NULL),
	(108, 1, '0888677516', '2017-12-01', '2017-12-02', 1961.00000, 3, NULL),
	(109, 1, '0888346769', '2017-10-08', '2017-10-30', 353.00000, 3, NULL),
	(110, 2, '0888651831', '2017-11-28', '2017-12-18', 799.00000, 3, NULL),
	(111, 2, '0888319439', '2017-09-05', '2017-09-18', 1511.00000, 3, NULL),
	(112, 1, '0888826355', '2017-06-04', '2017-06-12', 959.00000, 1, NULL),
	(113, 2, '0888712973', '2017-06-12', '2017-06-23', 760.00000, 3, NULL),
	(114, 2, '0888912101', '2017-09-23', '2017-10-02', 550.00000, 3, NULL),
	(115, 2, '0888324970', '2017-11-02', '2017-11-16', 1666.00000, 3, NULL),
	(116, 1, '0888385654', '2017-09-27', '2017-10-20', 811.00000, 2, NULL),
	(117, 1, '0888866897', '2018-04-26', '2018-05-23', 1420.00000, 1, NULL),
	(118, 2, '0888917636', '2017-07-02', '2017-07-10', 1401.00000, 1, NULL),
	(119, 7, '0888692463', '2017-06-11', '2017-07-01', 785.00000, 2, NULL),
	(120, 7, '0888466071', '2017-07-08', '2017-08-03', 708.00000, 1, NULL),
	(121, 7, '0888423168', '2017-12-08', '2017-12-27', 1633.00000, 3, NULL),
	(122, 7, '0888365825', '2018-03-21', '2018-04-05', 96.00000, 3, NULL),
	(123, 7, '0888918635', '2018-02-23', '2018-03-02', 54.00000, 2, NULL),
	(124, 7, '0888826830', '2018-04-29', '2018-05-12', 1660.00000, 3, NULL),
	(125, 7, '0888191413', '2017-10-25', '2017-10-25', 907.00000, 1, NULL),
	(126, 7, '0888586296', '2017-11-19', '2017-11-23', 193.00000, 1, NULL),
	(127, 7, '0888364191', '2017-08-06', '2017-09-03', 881.00000, 2, NULL),
	(128, 7, '0888639351', '2017-07-26', '2017-08-11', 852.00000, 2, NULL),
	(129, 7, '0888593265', '2018-04-09', '2018-04-10', 463.00000, 1, NULL),
	(130, 7, '0888505173', '2017-10-25', '2017-11-19', 1423.00000, 2, NULL),
	(131, 7, '0888958922', '2017-08-14', '2017-08-23', 1023.00000, 1, NULL),
	(132, 7, '0888729824', '2018-01-10', '2018-01-19', 932.00000, 3, NULL),
	(133, 7, '0888231403', '2017-07-27', '2017-08-09', 1627.00000, 2, NULL),
	(134, 7, '0888606101', '2018-06-06', '2018-06-27', 949.00000, 1, NULL),
	(135, 7, '0888930700', '2017-08-21', '2017-08-29', 276.00000, 2, NULL),
	(136, 7, '0888646779', '2017-08-10', '2017-08-14', 1272.00000, 1, NULL),
	(137, 7, '0888719485', '2017-12-23', '2018-01-10', 748.00000, 1, NULL),
	(138, 7, '0888501692', '2017-09-09', '2017-09-26', 115.00000, 3, NULL),
	(139, 7, '0888738345', '2017-06-04', '2017-06-22', 1663.00000, 2, NULL),
	(140, 7, '0888111087', '2017-11-28', '2017-12-08', 1082.00000, 2, NULL),
	(141, 7, '0888464777', '2017-08-17', '2017-09-05', 1524.00000, 1, NULL),
	(142, 7, '0888594469', '2017-08-27', '2017-09-10', 488.00000, 2, NULL),
	(143, 7, '0888777796', '2018-01-18', '2018-01-20', 1452.00000, 1, NULL),
	(144, 7, '0888483786', '2018-07-14', '2018-08-02', 651.00000, 3, NULL),
	(145, 7, '0888155062', '2017-09-08', '2017-09-14', 241.00000, 1, NULL),
	(146, 7, '0888331267', '2018-01-08', '2018-01-23', 1667.00000, 2, NULL),
	(147, 9, '0888254293', '2017-06-18', '2017-07-09', 1975.00000, 2, NULL),
	(148, 9, '0888489065', '2017-11-06', '2017-11-28', 956.00000, 1, NULL),
	(149, 9, '0888265704', '2018-04-16', '2018-04-18', 1222.00000, 2, NULL),
	(150, 9, '0888203634', '2017-08-10', '2017-08-24', 924.00000, 3, NULL),
	(151, 9, '0888269212', '2017-06-03', '2017-06-17', 148.00000, 1, NULL),
	(152, 9, '0888817451', '2018-01-02', '2018-01-08', 1913.00000, 3, NULL),
	(153, 9, '0888928791', '2017-11-04', '2017-11-14', 1222.00000, 2, NULL),
	(154, 9, '0888631969', '2018-04-11', '2018-04-29', 219.00000, 1, NULL),
	(155, 9, '0888529321', '2018-01-12', '2018-02-10', 1031.00000, 1, NULL),
	(156, 9, '0888371139', '2018-05-21', '2018-06-14', 1999.00000, 2, NULL),
	(157, 9, '0888337942', '2018-04-11', '2018-04-14', 1395.00000, 1, NULL),
	(158, 9, '0888490612', '2018-06-20', '2018-07-18', 153.00000, 2, NULL),
	(159, 9, '0888980064', '2018-06-13', '2018-07-07', 38.00000, 2, NULL),
	(160, 9, '0888248863', '2017-09-01', '2017-09-15', 280.00000, 3, NULL),
	(161, 9, '0888618650', '2018-04-16', '2018-05-14', 125.00000, 3, NULL),
	(162, 9, '0888279189', '2017-08-30', '2017-09-05', 150.00000, 2, NULL),
	(163, 9, '0888555592', '2017-06-14', '2017-06-25', 886.00000, 3, NULL),
	(164, 9, '0888740921', '2017-09-23', '2017-10-18', 1639.00000, 3, NULL),
	(165, 9, '0888411292', '2017-11-21', '2017-11-21', 201.00000, 1, NULL),
	(166, 9, '0888517666', '2017-06-03', '2017-06-14', 970.00000, 3, NULL),
	(167, 9, '0888664609', '2017-08-31', '2017-09-22', 1545.00000, 1, NULL),
	(168, 9, '0888368318', '2018-02-05', '2018-02-22', 1031.00000, 2, NULL),
	(169, 9, '0888759305', '2018-02-02', '2018-02-19', 1263.00000, 2, NULL),
	(170, 9, '0888659887', '2018-05-29', '2018-06-04', 720.00000, 3, NULL),
	(171, 9, '0888503925', '2017-07-13', '2017-07-15', 1523.00000, 1, NULL),
	(172, 9, '0888103736', '2017-11-27', '2017-11-29', 713.00000, 1, NULL),
	(173, 9, '0888825462', '2018-03-10', '2018-03-13', 592.00000, 2, NULL),
	(174, 9, '0888784935', '2018-03-10', '2018-04-06', 1704.00000, 1, NULL),
	(175, 9, '0888497199', '2017-07-20', '2017-07-28', 1950.00000, 1, NULL),
	(176, 9, '0888570100', '2018-06-07', '2018-06-30', 1991.00000, 2, NULL),
	(177, 9, '0888818765', '2018-07-04', '2018-07-25', 1951.00000, 1, NULL),
	(178, 9, '0888622484', '2017-12-08', '2018-01-07', 1299.00000, 3, NULL),
	(179, 9, '0888470762', '2018-01-27', '2018-01-29', 459.00000, 3, NULL),
	(180, 9, '0888838599', '2017-12-13', '2017-12-26', 1382.00000, 3, NULL),
	(181, 9, '0888214859', '2017-08-07', '2017-08-27', 971.00000, 3, NULL),
	(182, 9, '0888850862', '2017-09-27', '2017-10-09', 1140.00000, 3, NULL),
	(183, 9, '0888526424', '2017-07-05', '2017-08-02', 532.00000, 2, NULL),
	(184, 9, '0888832347', '2018-02-06', '2018-02-28', 1.00000, 1, NULL),
	(185, 9, '0888235524', '2018-07-11', '2018-07-29', 416.00000, 1, NULL),
	(186, 9, '0888668251', '2018-02-06', '2018-02-12', 182.00000, 3, NULL),
	(187, 9, '0888301096', '2018-05-24', '2018-05-26', 1190.00000, 2, NULL),
	(188, 9, '0888785913', '2017-07-15', '2017-08-04', 413.00000, 3, NULL),
	(189, 9, '0888619032', '2018-03-17', '2018-04-05', 150.00000, 1, NULL),
	(190, 9, '0888893947', '2017-08-14', '2017-09-05', 886.00000, 2, NULL),
	(191, 9, '0888751854', '2017-06-18', '2017-06-18', 1779.00000, 1, NULL),
	(192, 9, '0888145332', '2017-11-01', '2017-11-29', 1148.00000, 3, NULL),
	(193, 9, '0888178417', '2017-11-28', '2017-12-20', 1583.00000, 2, NULL),
	(194, 9, '0888666783', '2017-09-05', '2017-09-20', 461.00000, 3, NULL),
	(195, 9, '0888773351', '2017-12-20', '2018-01-04', 1481.00000, 3, NULL),
	(196, 9, '0888358980', '2018-03-06', '2018-03-27', 1930.00000, 2, NULL),
	(197, 9, '0888892679', '2017-06-08', '2017-06-22', 749.00000, 3, NULL),
	(198, 9, '0888874272', '2017-11-25', '2017-12-06', 775.00000, 3, NULL),
	(199, 9, '0888874622', '2017-10-13', '2017-11-10', 179.00000, 3, NULL),
	(200, 9, '0888791438', '2018-01-15', '2018-01-19', 408.00000, 2, NULL),
	(201, 9, '0888856230', '2017-06-29', '2017-07-23', 1234.00000, 1, NULL),
	(202, 9, '0888418691', '2018-04-28', '2018-05-03', 265.00000, 2, NULL),
	(203, 9, '0888581780', '2018-03-19', '2018-03-29', 1194.00000, 2, NULL),
	(204, 9, '0888181644', '2017-08-25', '2017-09-02', 404.00000, 1, NULL),
	(205, 9, '0888502436', '2018-03-19', '2018-03-27', 1960.00000, 3, NULL),
	(206, 9, '0888594338', '2018-05-11', '2018-06-02', 1660.00000, 1, NULL),
	(207, 9, '0888587957', '2018-03-27', '2018-04-01', 948.00000, 1, NULL),
	(208, 9, '0888247324', '2017-09-08', '2017-09-14', 1049.00000, 2, NULL),
	(209, 9, '0888921731', '2017-08-23', '2017-09-19', 1398.00000, 2, NULL);
/*!40000 ALTER TABLE `bills` ENABLE KEYS */;

-- Dumping structure for table ngpuppies.currencies
DROP TABLE IF EXISTS `currencies`;
CREATE TABLE IF NOT EXISTS `currencies` (
  `CurrencyID` int(11) NOT NULL AUTO_INCREMENT,
  `Currency` varchar(50) NOT NULL,
  `ExchangeRate` decimal(10,5) NOT NULL,
  PRIMARY KEY (`CurrencyID`),
  UNIQUE KEY `Currency_UNIQUE` (`Currency`)
) ENGINE=InnoDB AUTO_INCREMENT=5 DEFAULT CHARSET=latin1;

-- Dumping data for table ngpuppies.currencies: ~3 rows (approximately)
DELETE FROM `currencies`;
/*!40000 ALTER TABLE `currencies` DISABLE KEYS */;
INSERT INTO `currencies` (`CurrencyID`, `Currency`, `ExchangeRate`) VALUES
	(1, 'BGN', 1.00000),
	(2, 'EUR', 1.95583),
	(3, 'USD', 1.71264);
/*!40000 ALTER TABLE `currencies` ENABLE KEYS */;

-- Dumping structure for table ngpuppies.roles
DROP TABLE IF EXISTS `roles`;
CREATE TABLE IF NOT EXISTS `roles` (
  `RoleID` int(11) NOT NULL AUTO_INCREMENT,
  `Name` enum('ROLE_ADMIN','ROLE_USER') NOT NULL,
  PRIMARY KEY (`RoleID`),
  UNIQUE KEY `Name_UNIQUE` (`Name`)
) ENGINE=InnoDB AUTO_INCREMENT=3 DEFAULT CHARSET=latin1;

-- Dumping data for table ngpuppies.roles: ~2 rows (approximately)
DELETE FROM `roles`;
/*!40000 ALTER TABLE `roles` DISABLE KEYS */;
INSERT INTO `roles` (`RoleID`, `Name`) VALUES
	(1, 'ROLE_ADMIN'),
	(2, 'ROLE_USER');
/*!40000 ALTER TABLE `roles` ENABLE KEYS */;

-- Dumping structure for table ngpuppies.services
DROP TABLE IF EXISTS `services`;
CREATE TABLE IF NOT EXISTS `services` (
  `ServiceID` int(11) NOT NULL AUTO_INCREMENT,
  `Name` varchar(50) NOT NULL DEFAULT '0',
  PRIMARY KEY (`ServiceID`),
  UNIQUE KEY `Name_UNIQUE` (`Name`)
) ENGINE=InnoDB AUTO_INCREMENT=10 DEFAULT CHARSET=latin1;

-- Dumping data for table ngpuppies.services: ~5 rows (approximately)
DELETE FROM `services`;
/*!40000 ALTER TABLE `services` DISABLE KEYS */;
INSERT INTO `services` (`ServiceID`, `Name`) VALUES
	(9, 'Card'),
	(2, 'Internet'),
	(3, 'Tele'),
	(1, 'Telephone'),
	(7, 'WiFi');
/*!40000 ALTER TABLE `services` ENABLE KEYS */;

-- Dumping structure for table ngpuppies.subscribers
DROP TABLE IF EXISTS `subscribers`;
CREATE TABLE IF NOT EXISTS `subscribers` (
  `PhoneNumber` varchar(50) NOT NULL,
  `FirstName` varchar(50) NOT NULL,
  `LastName` varchar(50) NOT NULL,
  `EGN` varchar(50) NOT NULL,
  `AddressID` int(11) NOT NULL,
  `BankID` int(11) NOT NULL,
  PRIMARY KEY (`PhoneNumber`),
  UNIQUE KEY `EGN_UNIQUE` (`EGN`),
  KEY `FK_subscribers_users` (`BankID`),
  KEY `FK_subscribers_addresses` (`AddressID`),
  CONSTRAINT `FK_subscribers_addresses` FOREIGN KEY (`AddressID`) REFERENCES `addresses` (`AddressID`),
  CONSTRAINT `FK_subscribers_users` FOREIGN KEY (`BankID`) REFERENCES `users` (`UserID`)
) ENGINE=InnoDB DEFAULT CHARSET=latin1;

-- Dumping data for table ngpuppies.subscribers: ~113 rows (approximately)
DELETE FROM `subscribers`;
/*!40000 ALTER TABLE `subscribers` DISABLE KEYS */;
INSERT INTO `subscribers` (`PhoneNumber`, `FirstName`, `LastName`, `EGN`, `AddressID`, `BankID`) VALUES
	('0888103678', 'Ivelin', 'Borisov', '8685366989', 148, 42),
	('0888103736', 'Borislav', 'Borisov', '6664045605', 86, 35),
	('0888111087', 'Ventsi', 'Petrov', '5265762075', 54, 2),
	('0888116932', 'Ivan', 'Pashaliyski', '8531982043', 146, 42),
	('0888122404', 'Adrian', 'Ivanov', '5324556041', 143, 42),
	('0888144842', 'Presian', 'Piperkov', '9672051099', 125, 32),
	('0888145332', 'Sam', 'Borisov', '6654682198', 106, 2),
	('0888155062', 'Vesselin', 'Krastev', '8235647427', 59, 4),
	('0888178417', 'Ventsi', 'Stefanova', '8079323051', 107, 3),
	('0888181644', 'Sam', 'Vesselinov', '8556465260', 118, 32),
	('0888191413', 'Kristina', 'Stambolova', '4849822784', 39, 4),
	('0888193277', 'Atanas', 'Borisov', '9386320984', 126, 32),
	('0888203634', 'Simeon', 'Hristov', '6846640732', 64, 3),
	('0888214859', 'Orlin', 'Hristov', '9865267553', 95, 2),
	('0888231403', 'Silviya', 'Stambolova', '3885240874', 47, 4),
	('0888235524', 'Kiril', 'Piperkov', '7195496545', 99, 2),
	('0888247324', 'Georgi', 'Simeonov', '5986303306', 122, 32),
	('0888248863', 'Ivaylo', 'Pashov', '8154953949', 74, 35),
	('0888254293', 'Vesselin', 'Krastev', '8897656159', 61, 2),
	('0888265704', 'Svetlin', 'Hristov', '6477579477', 63, 2),
	('0888269212', 'Ivelin', 'Hristov', '3432816861', 65, 2),
	('0888279189', 'Petar', 'Vesselinov', '4552190641', 76, 36),
	('0888300695', 'Georgi', 'Piperkov', '7157373377', 127, 32),
	('0888301096', 'Ivelin', 'Georgiev', '5277731605', 101, 3),
	('0888319439', 'Adrian', 'Orlinov', '8135456840', 132, 42),
	('0888324970', 'Adrian', 'Pashaliyski', '4738645023', 136, 42),
	('0888331267', 'Ivelin', 'Borislavov', '9128427444', 60, 3),
	('0888337942', 'Vesselin', 'Orlinov', '6674332319', 71, 36),
	('0888346769', 'Petar', 'Simeonov', '7316677706', 130, 42),
	('0888358980', 'Kiril', 'Irechek', '6639087188', 110, 32),
	('0888364191', 'Suzana', 'Pavlova', '3559032626', 41, 3),
	('0888365825', 'Suzana', 'Stambolova', '7022039049', 36, 2),
	('0888368318', 'Kiril', 'Ivanov', '4164415288', 82, 36),
	('0888371139', 'Stratsimir', 'Petrov', '8278389303', 70, 35),
	('0888385654', 'Bozhidar', 'Borislavov', '6192583282', 137, 42),
	('0888411292', 'Bozhidar', 'Stefanova', '6782692637', 79, 36),
	('0888418691', 'Stratsimir', 'Pavlov', '7816451835', 116, 32),
	('0888423168', 'Atanas', 'Georgiev', '8595526376', 142, 42),
	('0888464777', 'Boris', 'Pashaliyski', '5494702948', 55, 2),
	('0888466071', 'Svetlin', 'Stambolov', '8413671150', 141, 42),
	('0888470762', 'Bozhidar', 'Pashov', '5495747621', 93, 2),
	('0888472440', 'Krassimir', 'Aleksandrov', '8902920235', 144, 42),
	('0888483786', 'Atanas', 'Orlinov', '5723708682', 58, 2),
	('0888489065', 'Krassimir', 'Kirilov', '5522876082', 62, 3),
	('0888490612', 'Ivan', 'Pashaliyski', '4078832128', 72, 36),
	('0888497199', 'Andrey', 'Aleksandrov', '5114846428', 89, 35),
	('0888501692', 'Margarita', 'Piperkova', '3407242997', 52, 2),
	('0888502436', 'Petar', 'Petrov', '6966594423', 119, 32),
	('0888503925', 'Stratsimir', 'Petkov', '7586302422', 85, 36),
	('0888505173', 'Dessislava', 'Stambolova', '3684918888', 44, 35),
	('0888517666', 'Pavel', 'Aleksandrov', '8203842786', 80, 35),
	('0888526424', 'Krassimir', 'Stambolov', '9381600177', 97, 3),
	('0888529321', 'Petar', 'Vesselinov', '8196572384', 69, 35),
	('0888555592', 'Boris', 'Aleksandrov', '4668125289', 77, 35),
	('0888570100', 'Boris', 'Stefanova', '6167139990', 90, 36),
	('0888581780', 'Ivelin', 'Petkov', '8309082260', 117, 32),
	('0888586296', 'Dessislava', 'Pashaliyska', '8628010326', 40, 3),
	('0888587957', 'Ivelin', 'Pavlov', '5157929912', 121, 32),
	('0888589213', 'Boris', 'Borisov', '4784657048', 145, 42),
	('0888593265', 'Margarita', 'Piperkova', '7404146052', 43, 36),
	('0888594338', 'Presian', 'Margaritov', '3709304260', 120, 32),
	('0888594469', 'Orlin', 'Borislavov', '8730939880', 56, 4),
	('0888606101', 'Kristina', 'Piperkova', '8980598570', 48, 3),
	('0888618650', 'Borislav', 'Aleksandrov', '4181164879', 75, 36),
	('0888619032', 'Atanas', 'Irechek', '4350481111', 103, 2),
	('0888622484', 'Adrian', 'Irechek', '7126188266', 92, 35),
	('0888631969', 'Ventsi', 'Vesselinov', '5374556925', 68, 35),
	('0888639351', 'Dessislava', 'Pavlova', '4784424121', 42, 36),
	('0888646779', 'Simona', 'Orlinova', '5378296466', 50, 2),
	('0888651831', 'Pavel', 'Pashaliyski', '8952642710', 131, 42),
	('0888659887', 'Ivaylo', 'Kirilov', '7252932316', 84, 35),
	('0888664609', 'Vesselin', 'Ignatov', '3665517442', 81, 36),
	('0888666783', 'Orlin', 'Pavlov', '8287190347', 108, 4),
	('0888668251', 'Ivelin', 'Stefanova', '5729861848', 100, 4),
	('0888677516', 'Ivelin', 'Simeonov', '4982466625', 129, 42),
	('0888685423', 'Adrian', 'Georgiev', '9214124647', 128, 42),
	('0888692463', 'Borislav', 'Piperkov', '3436199917', 140, 42),
	('0888712973', 'Svetlin', 'Kirilov', '8725805052', 134, 42),
	('0888719485', 'Silviya', 'Margaritova', '9334165234', 51, 4),
	('0888729824', 'Suzana', 'Hristova', '8217166302', 46, 35),
	('0888738345', 'Ventsi', 'Aleksandrov', '4465980244', 53, 3),
	('0888740921', 'Borislav', 'Irechek', '7171767617', 78, 35),
	('0888751854', 'Bozhidar', 'Borisov', '8730391607', 105, 4),
	('0888759305', 'Ivan', 'Irechek', '4609551587', 83, 35),
	('0888773351', 'Atanas', 'Stambolov', '5779596597', 109, 32),
	('0888777796', 'Vesselin', 'Stambolov', '4108757902', 57, 3),
	('0888784935', 'Kiril', 'Krastev', '6818783070', 88, 35),
	('0888785913', 'Ivaylo', 'Pashaliyski', '7425166259', 102, 2),
	('0888791438', 'Pavel', 'Borislavov', '9534628097', 114, 32),
	('0888812593', 'Andrey', 'Pashov', '7455216120', 124, 32),
	('0888817451', 'Andrey', 'Pashov', '7482006886', 66, 3),
	('0888818765', 'Krassimir', 'Borislavov', '3834934146', 91, 36),
	('0888825462', 'Petar', 'Borisov', '4985482551', 87, 36),
	('0888826355', 'Georgi', 'Stefanova', '3777556801', 133, 42),
	('0888826830', 'Silviya', 'Orlinova', '8151328239', 38, 4),
	('0888832347', 'Ivaylo', 'Pashaliyski', '6498128061', 98, 4),
	('0888838599', 'Ivan', 'Margaritov', '7537312194', 94, 4),
	('0888850862', 'Ivelin', 'Pashov', '8560051776', 96, 3),
	('0888856230', 'Stratsimir', 'Simeonov', '8193601052', 115, 32),
	('0888866897', 'Ivelin', 'Pashaliyski', '8699814038', 138, 42),
	('0888874272', 'Boris', 'Stefanova', '5774283637', 112, 32),
	('0888874622', 'Pavel', 'Petkov', '7500024661', 113, 32),
	('0888892679', 'Presian', 'Margaritov', '9561799799', 111, 32),
	('0888893947', 'Pavel', 'Petrov', '8339473231', 104, 4),
	('0888912101', 'Atanas', 'Pashaliyski', '9888357268', 135, 42),
	('0888917636', 'Bozhidar', 'Irechek', '3438992822', 139, 42),
	('0888918635', 'Patya', 'Orlinova', '4093526365', 37, 2),
	('0888921731', 'Andrey', 'Orlinov', '3965009586', 123, 32),
	('0888928791', 'Ivelin', 'Borislavov', '7808506531', 67, 3),
	('0888930680', 'Adrian', 'Ignatov', '5492098836', 147, 42),
	('0888930700', 'Suzana', 'Pashaliyska', '6962000561', 49, 4),
	('0888958922', 'Dessislava', 'Piperkova', '4022810199', 45, 36),
	('0888980064', 'Ivan', 'Svetlinov', '8063853574', 73, 35);
/*!40000 ALTER TABLE `subscribers` ENABLE KEYS */;

-- Dumping structure for table ngpuppies.users
DROP TABLE IF EXISTS `users`;
CREATE TABLE IF NOT EXISTS `users` (
  `UserID` int(11) NOT NULL AUTO_INCREMENT,
  `Username` varchar(30) NOT NULL,
  `Password` varchar(60) NOT NULL,
  `RoleID` int(11) NOT NULL,
  `EIK` varchar(20) DEFAULT NULL,
  `EmailAddress` varchar(30) DEFAULT NULL,
  `enabled` tinyint(4) NOT NULL DEFAULT '1',
  `isFirstLogin` tinyint(4) NOT NULL DEFAULT '0',
  PRIMARY KEY (`UserID`),
  UNIQUE KEY `Username_UNIQUE` (`Username`),
  UNIQUE KEY `EIK_UNIQUE` (`EIK`),
  KEY `FK_users_roles_idx` (`RoleID`),
  CONSTRAINT `FK_users_roles` FOREIGN KEY (`RoleID`) REFERENCES `roles` (`RoleID`)
) ENGINE=InnoDB AUTO_INCREMENT=44 DEFAULT CHARSET=latin1;

-- Dumping data for table ngpuppies.users: ~17 rows (approximately)
DELETE FROM `users`;
/*!40000 ALTER TABLE `users` DISABLE KEYS */;
INSERT INTO `users` (`UserID`, `Username`, `Password`, `RoleID`, `EIK`, `EmailAddress`, `enabled`, `isFirstLogin`) VALUES
	(1, 'unicredit', '$2a$10$Q2JA3Y9Ra1gcq1a4ANrKG.0xJCxhhcuvasRHURvVjPIvOwAHXtl9K', 2, '9999999999', '', 1, 0),
	(2, 'dsk_bank', '$2a$10$s0QfBO8lBOPXO7bpdF5kyO3JC4FTOW.hOZfFmCyutSQZAwRX/gV7W', 2, '0000000011', '', 1, 0),
	(3, 'societe_general', '$2a$04$i/VNK0eZVJP/cq/Dh1tQ4unm55K1xsXppfOw4PJTAds3xFl2zPzFS', 2, '3334445559', NULL, 1, 0),
	(4, 'texim_bank', '$2a$04$jdNmBCGYpMec8vG4SxP55eL0HR6uvBbzjnfEcU37a.muEAhpCeWbq', 2, '7777773444', NULL, 1, 0),
	(30, 'vladimir', '$2a$10$9dII35W9E0/oAcPLcBplgukl2g39jsDFYq9gvGDXCMeURIi0jVCVi', 1, NULL, 'vladimir@gmail.com', 1, 0),
	(31, 'boris_zhelev', '$2a$10$Jk7JuBmEak9n/GDLLLALa.9N3WyasoODDRoc25uhyrrbOl33qCP3m', 1, NULL, 'boris_zhelev@yahoo.com', 1, 0),
	(32, 'procredit_bank', '$2a$10$PB8HDkHm5FJaE84Zgs1e1.P07lF7jERb0SJYoI9U8L.LWrGMvcDoa', 2, '5757555775', NULL, 1, 0),
	(33, 'ivan_ivanov', '$2a$10$W6pEtYqlUg9THhdKUaxzBuEWSjoYyswErgg7oqTtzgg/yy8YjFZsK', 1, NULL, 'ivan_ivanov@abv.bg', 1, 0),
	(34, 'georgi_georgiev', '$2a$10$Ai6DE.9RhQjSi/gmEiGE3uxrYygwAJGOYvZedbFt8fIKVIxE217Uq', 1, NULL, 'georgi_georgiev@gmail.com', 1, 0),
	(35, 'piraeus_bank', '$2a$10$P6jNxCU6Z9e390rJF6P/O./WI7lHuPHOCSeZkkUyBz69CtqWvg3S2', 2, '0970090018', NULL, 1, 0),
	(36, 'ubb_bank', '$2a$10$snTIiB1nJgKNSuF4gILXGeUJv3yRv8e.2tm0l7eFzpCLHeqhCNESe', 2, '8989899877', NULL, 1, 0),
	(37, 'telerik_academy', '$2a$10$tgScQBC0MqWc.x3soP7ojuxI9n7HAB9ycp7yM4Tn22HjD7.FrsUJ.', 1, NULL, 'telerik_academy@telerik.bg', 1, 0),
	(38, 'general_admin', '$2a$10$VJpWWBpAoCjj6kB037/kPeXb6bhBXMF75jCNksW6VypJVAvD8OuAi', 1, NULL, 'general_admin@gmail.com', 1, 0),
	(40, 'svetoslav', '$2a$10$ErKXBq8.hDRIymK9BUwoIetZj5CdAEUFsCaxbGvMgZzy.uOct9Op6', 1, NULL, 'svetoslav_niko@gmail.com', 1, 0),
	(41, 'allianz_bank', '$2a$10$gUTNo5Hpld54U.JhiChftemJG9AfOoA99nlwT9UlMfN2Em9Whiqw.', 2, '9009033334', NULL, 1, 0),
	(42, 'petarraykov', '$2a$04$mBQBHhqOuvrNrjbySUL8y.FjCxFFuyjhrGI.4pDnqT8lKbbXz2kUe', 1, NULL, 'petarraykov@telerik.bg', 1, 0),
	(43, 'donchominkov', '$2a$04$YraGxzpe3uq7wB24NbuUHuNhrbxMAjzeD3rrVEnql3jaHy6A.Qoxi', 1, NULL, 'donchominkov@telerik.bg', 1, 1);
/*!40000 ALTER TABLE `users` ENABLE KEYS */;

/*!40101 SET SQL_MODE=IFNULL(@OLD_SQL_MODE, '') */;
/*!40014 SET FOREIGN_KEY_CHECKS=IF(@OLD_FOREIGN_KEY_CHECKS IS NULL, 1, @OLD_FOREIGN_KEY_CHECKS) */;
/*!40101 SET CHARACTER_SET_CLIENT=@OLD_CHARACTER_SET_CLIENT */;
